name,official_name,region,subregion,cca2,cca3,flag,passport_rank
Andorra,Principality of Andorra,Europe,Southern Europe,AD,AND,ğŸ‡¦ğŸ‡©,14
Trinidad and Tobago,Republic of Trinidad and Tobago,Americas,Caribbean,TT,TTO,ğŸ‡¹ğŸ‡¹,26
Serbia,Republic of Serbia,Europe,Southeast Europe,RS,SRB,ğŸ‡·ğŸ‡¸,31
United Kingdom,United Kingdom of Great Britain and Northern Ireland,Europe,Northern Europe,GB,GBR,ğŸ‡¬ğŸ‡§,9
Russia,Russian Federation,Europe,Eastern Europe,RU,RUS,ğŸ‡·ğŸ‡º,
Hong Kong,Hong Kong Special Administrative Region of the People's Republic of China,Asia,Eastern Asia,HK,HKG,ğŸ‡­ğŸ‡°,11
Western Sahara,Sahrawi Arab Democratic Republic,Africa,Northern Africa,EH,ESH,ğŸ‡ªğŸ‡­,
Uruguay,Oriental Republic of Uruguay,Americas,South America,UY,URY,ğŸ‡ºğŸ‡¾,18
Barbados,Barbados,Americas,Caribbean,BB,BRB,ğŸ‡§ğŸ‡§,15
Palestine,State of Palestine,Asia,Western Asia,PS,PSE,ğŸ‡µğŸ‡¸,
Mexico,United Mexican States,Americas,North America,MX,MEX,ğŸ‡²ğŸ‡½,18
Malawi,Republic of Malawi,Africa,Eastern Africa,MW,MWI,ğŸ‡²ğŸ‡¼,64
Antarctica,Antarctica,Antarctic,,AQ,ATA,ğŸ‡¦ğŸ‡¶,
New Caledonia,New Caledonia,Oceania,Melanesia,NC,NCL,ğŸ‡³ğŸ‡¨,
Svalbard and Jan Mayen,Svalbard og Jan Mayen,Europe,Northern Europe,SJ,SJM,ğŸ‡¸ğŸ‡¯,
Norfolk Island,Territory of Norfolk Island,Oceania,Australia and New Zealand,NF,NFK,ğŸ‡³ğŸ‡«,
Christmas Island,Territory of Christmas Island,Oceania,Australia and New Zealand,CX,CXR,ğŸ‡¨ğŸ‡½,
Mongolia,Mongolia,Asia,Eastern Asia,MN,MNG,ğŸ‡²ğŸ‡³,65
Latvia,Republic of Latvia,Europe,Northern Europe,LV,LVA,ğŸ‡±ğŸ‡»,5
Brunei,"Nation of Brunei, Abode of Peace",Asia,South-Eastern Asia,BN,BRN,ğŸ‡§ğŸ‡³,17
Ukraine,Ukraine,Europe,Eastern Europe,UA,UKR,ğŸ‡ºğŸ‡¦,24
North Korea,Democratic People's Republic of Korea,Asia,Eastern Asia,KP,PRK,ğŸ‡°ğŸ‡µ,91
Finland,Republic of Finland,Europe,Northern Europe,FI,FIN,ğŸ‡«ğŸ‡®,4
Anguilla,Anguilla,Americas,Caribbean,AI,AIA,ğŸ‡¦ğŸ‡®,
Azerbaijan,Republic of Azerbaijan,Asia,Western Asia,AZ,AZE,ğŸ‡¦ğŸ‡¿,59
Cayman Islands,Cayman Islands,Americas,Caribbean,KY,CYM,ğŸ‡°ğŸ‡¾,
Uzbekistan,Republic of Uzbekistan,Asia,Central Asia,UZ,UZB,ğŸ‡ºğŸ‡¿,69
Ireland,Republic of Ireland,Europe,Northern Europe,IE,IRL,ğŸ‡®ğŸ‡ª,4
Jersey,Bailiwick of Jersey,Europe,Northern Europe,JE,JEY,ğŸ‡¯ğŸ‡ª,
Rwanda,Republic of Rwanda,Africa,Eastern Africa,RW,RWA,ğŸ‡·ğŸ‡¼,69
Bosnia and Herzegovina,Bosnia and Herzegovina,Europe,Southeast Europe,BA,BIH,ğŸ‡§ğŸ‡¦,39
Poland,Republic of Poland,Europe,Central Europe,PL,POL,ğŸ‡µğŸ‡±,5
Portugal,Portuguese Republic,Europe,Southern Europe,PT,PRT,ğŸ‡µğŸ‡¹,4
Haiti,Republic of Haiti,Americas,Caribbean,HT,HTI,ğŸ‡­ğŸ‡¹,81
Iran,Islamic Republic of Iran,Asia,Southern Asia,IR,IRN,ğŸ‡®ğŸ‡·,88
French Southern and Antarctic Lands,Territory of the French Southern and Antarctic Lands,Antarctic,,TF,ATF,ğŸ‡¹ğŸ‡«,
Ethiopia,Federal Democratic Republic of Ethiopia,Africa,Eastern Africa,ET,ETH,ğŸ‡ªğŸ‡¹,87
Kazakhstan,Republic of Kazakhstan,Asia,Central Asia,KZ,KAZ,ğŸ‡°ğŸ‡¿,56
Mali,Republic of Mali,Africa,Western Africa,ML,MLI,ğŸ‡²ğŸ‡±,81
Nicaragua,Republic of Nicaragua,Americas,Central America,NI,NIC,ğŸ‡³ğŸ‡®,37
Germany,Federal Republic of Germany,Europe,Western Europe,DE,DEU,ğŸ‡©ğŸ‡ª,4
Estonia,Republic of Estonia,Europe,Northern Europe,EE,EST,ğŸ‡ªğŸ‡ª,5
Tunisia,Tunisian Republic,Africa,Northern Africa,TN,TUN,ğŸ‡¹ğŸ‡³,66
Saint Martin,Saint Martin,Americas,Caribbean,MF,MAF,ğŸ‡²ğŸ‡«,
Cameroon,Republic of Cameroon,Africa,Middle Africa,CM,CMR,ğŸ‡¨ğŸ‡²,84
Micronesia,Federated States of Micronesia,Oceania,Micronesia,FM,FSM,ğŸ‡«ğŸ‡²,41
Sint Maarten,Sint Maarten,Americas,Caribbean,SX,SXM,ğŸ‡¸ğŸ‡½,
Cyprus,Republic of Cyprus,Europe,Southern Europe,CY,CYP,ğŸ‡¨ğŸ‡¾,7
Morocco,Kingdom of Morocco,Africa,Northern Africa,MA,MAR,ğŸ‡²ğŸ‡¦,60
Pitcairn Islands,Pitcairn Group of Islands,Oceania,Polynesia,PN,PCN,ğŸ‡µğŸ‡³,
CuraÃ§ao,Country of CuraÃ§ao,Americas,Caribbean,CW,CUW,ğŸ‡¨ğŸ‡¼,
Aruba,Aruba,Americas,Caribbean,AW,ABW,ğŸ‡¦ğŸ‡¼,
Spain,Kingdom of Spain,Europe,Southern Europe,ES,ESP,ğŸ‡ªğŸ‡¸,3
Gabon,Gabonese Republic,Africa,Middle Africa,GA,GAB,ğŸ‡¬ğŸ‡¦,73
Ã…land Islands,Ã…land Islands,Europe,Northern Europe,AX,ALA,ğŸ‡¦ğŸ‡½,
Denmark,Kingdom of Denmark,Europe,Northern Europe,DK,DNK,ğŸ‡©ğŸ‡°,4
Martinique,Martinique,Americas,Caribbean,MQ,MTQ,ğŸ‡²ğŸ‡¶,
Antigua and Barbuda,Antigua and Barbuda,Americas,Caribbean,AG,ATG,ğŸ‡¦ğŸ‡¬,23
Eswatini,Kingdom of Eswatini,Africa,Southern Africa,SZ,SWZ,ğŸ‡¸ğŸ‡¿,62
Taiwan,Republic of China (Taiwan),Asia,Eastern Asia,TW,TWN,ğŸ‡¹ğŸ‡¼,35
Vanuatu,Republic of Vanuatu,Oceania,Melanesia,VU,VUT,ğŸ‡»ğŸ‡º,52
Cook Islands,Cook Islands,Oceania,Polynesia,CK,COK,ğŸ‡¨ğŸ‡°,
Cocos (Keeling) Islands,Territory of the Cocos (Keeling) Islands,Oceania,Australia and New Zealand,CC,CCK,ğŸ‡¨ğŸ‡¨,
Cape Verde,Republic of Cabo Verde,Africa,Western Africa,CV,CPV,ğŸ‡¨ğŸ‡»,66
Belarus,Republic of Belarus,Europe,Eastern Europe,BY,BLR,ğŸ‡§ğŸ‡¾,55
Czechia,Czech Republic,Europe,Central Europe,CZ,CZE,ğŸ‡¨ğŸ‡¿,
Peru,Republic of Peru,Americas,South America,PE,PER,ğŸ‡µğŸ‡ª,21
Timor-Leste,Democratic Republic of Timor-Leste,Asia,South-Eastern Asia,TL,TLS,ğŸ‡¹ğŸ‡±,47
Namibia,Republic of Namibia,Africa,Southern Africa,NA,NAM,ğŸ‡³ğŸ‡¦,63
Tokelau,Tokelau,Oceania,Polynesia,TK,TKL,ğŸ‡¹ğŸ‡°,
DR Congo,Democratic Republic of the Congo,Africa,Middle Africa,CD,COD,ğŸ‡¨ğŸ‡©,
Saint Lucia,Saint Lucia,Americas,Caribbean,LC,LCA,ğŸ‡±ğŸ‡¨,27
Suriname,Republic of Suriname,Americas,South America,SR,SUR,ğŸ‡¸ğŸ‡·,58
Burundi,Republic of Burundi,Africa,Eastern Africa,BI,BDI,ğŸ‡§ğŸ‡®,84
Georgia,Georgia,Asia,Western Asia,GE,GEO,ğŸ‡¬ğŸ‡ª,32
Ghana,Republic of Ghana,Africa,Western Africa,GH,GHA,ğŸ‡¬ğŸ‡­,66
British Indian Ocean Territory,British Indian Ocean Territory,Africa,Eastern Africa,IO,IOT,ğŸ‡®ğŸ‡´,
Egypt,Arab Republic of Egypt,Africa,Northern Africa,EG,EGY,ğŸ‡ªğŸ‡¬,79
French Guiana,Guiana,Americas,South America,GF,GUF,ğŸ‡¬ğŸ‡«,
Marshall Islands,Republic of the Marshall Islands,Oceania,Micronesia,MH,MHL,ğŸ‡²ğŸ‡­,36
Guinea-Bissau,Republic of Guinea-Bissau,Africa,Western Africa,GW,GNB,ğŸ‡¬ğŸ‡¼,82
Fiji,Republic of Fiji,Oceania,Melanesia,FJ,FJI,ğŸ‡«ğŸ‡¯,50
Zambia,Republic of Zambia,Africa,Eastern Africa,ZM,ZMB,ğŸ‡¿ğŸ‡²,67
Iceland,Iceland,Europe,Northern Europe,IS,ISL,ğŸ‡®ğŸ‡¸,8
Bermuda,Bermuda,Americas,North America,BM,BMU,ğŸ‡§ğŸ‡²,
Brazil,Federative Republic of Brazil,Americas,South America,BR,BRA,ğŸ‡§ğŸ‡·,12
Palau,Republic of Palau,Oceania,Micronesia,PW,PLW,ğŸ‡µğŸ‡¼,41
Sudan,Republic of the Sudan,Africa,Northern Africa,SD,SDN,ğŸ‡¸ğŸ‡©,89
Australia,Commonwealth of Australia,Oceania,Australia and New Zealand,AU,AUS,ğŸ‡¦ğŸ‡º,7
Cambodia,Kingdom of Cambodia,Asia,South-Eastern Asia,KH,KHM,ğŸ‡°ğŸ‡­,75
New Zealand,New Zealand,Oceania,Australia and New Zealand,NZ,NZL,ğŸ‡³ğŸ‡¿,6
Philippines,Republic of the Philippines,Asia,South-Eastern Asia,PH,PHL,ğŸ‡µğŸ‡­,65
Burkina Faso,Burkina Faso,Africa,Western Africa,BF,BFA,ğŸ‡§ğŸ‡«,76
Faroe Islands,Faroe Islands,Europe,Northern Europe,FO,FRO,ğŸ‡«ğŸ‡´,
Sierra Leone,Republic of Sierra Leone,Africa,Western Africa,SL,SLE,ğŸ‡¸ğŸ‡±,74
Grenada,Grenada,Americas,Caribbean,GD,GRD,ğŸ‡¬ğŸ‡©,27
Bolivia,Plurinational State of Bolivia,Americas,South America,BO,BOL,ğŸ‡§ğŸ‡´,58
Switzerland,Swiss Confederation,Europe,Western Europe,CH,CHE,ğŸ‡¨ğŸ‡­,4
Saint Vincent and the Grenadines,Saint Vincent and the Grenadines,Americas,Caribbean,VC,VCT,ğŸ‡»ğŸ‡¨,
Ecuador,Republic of Ecuador,Americas,South America,EC,ECU,ğŸ‡ªğŸ‡¨,48
Seychelles,Republic of Seychelles,Africa,Eastern Africa,SC,SYC,ğŸ‡¸ğŸ‡¨,21
South Africa,Republic of South Africa,Africa,Southern Africa,ZA,ZAF,ğŸ‡¿ğŸ‡¦,45
India,Republic of India,Asia,Southern Asia,IN,IND,ğŸ‡®ğŸ‡³,69
Liberia,Republic of Liberia,Africa,Western Africa,LR,LBR,ğŸ‡±ğŸ‡·,83
South Korea,Republic of Korea,Asia,Eastern Asia,KR,KOR,ğŸ‡°ğŸ‡·,4
Lithuania,Republic of Lithuania,Europe,Northern Europe,LT,LTU,ğŸ‡±ğŸ‡¹,6
Singapore,Republic of Singapore,Asia,South-Eastern Asia,SG,SGP,ğŸ‡¸ğŸ‡¬,2
Puerto Rico,Commonwealth of Puerto Rico,Americas,Caribbean,PR,PRI,ğŸ‡µğŸ‡·,
Belize,Belize,Americas,Central America,BZ,BLZ,ğŸ‡§ğŸ‡¿,47
Netherlands,Kingdom of the Netherlands,Europe,Western Europe,NL,NLD,ğŸ‡³ğŸ‡±,4
Eritrea,State of Eritrea,Africa,Eastern Africa,ER,ERI,ğŸ‡ªğŸ‡·,91
Montserrat,Montserrat,Americas,Caribbean,MS,MSR,ğŸ‡²ğŸ‡¸,
RÃ©union,RÃ©union Island,Africa,Eastern Africa,RE,REU,ğŸ‡·ğŸ‡ª,
South Georgia,South Georgia and the South Sandwich Islands,Antarctic,,GS,SGS,ğŸ‡¬ğŸ‡¸,
Bangladesh,People's Republic of Bangladesh,Asia,Southern Asia,BD,BGD,ğŸ‡§ğŸ‡©,92
Yemen,Republic of Yemen,Asia,Western Asia,YE,YEM,ğŸ‡¾ğŸ‡ª,93
Norway,Kingdom of Norway,Europe,Northern Europe,NO,NOR,ğŸ‡³ğŸ‡´,4
Slovenia,Republic of Slovenia,Europe,Central Europe,SI,SVN,ğŸ‡¸ğŸ‡®,5
Oman,Sultanate of Oman,Asia,Western Asia,OM,OMN,ğŸ‡´ğŸ‡²,53
Mozambique,Republic of Mozambique,Africa,Eastern Africa,MZ,MOZ,ğŸ‡²ğŸ‡¿,72
Libya,State of Libya,Africa,Northern Africa,LY,LBY,ğŸ‡±ğŸ‡¾,89
Chad,Republic of Chad,Africa,Middle Africa,TD,TCD,ğŸ‡¹ğŸ‡©,83
Guyana,Co-operative Republic of Guyana,Americas,South America,GY,GUY,ğŸ‡¬ğŸ‡¾,51
Kyrgyzstan,Kyrgyz Republic,Asia,Central Asia,KG,KGZ,ğŸ‡°ğŸ‡¬,68
Djibouti,Republic of Djibouti,Africa,Eastern Africa,DJ,DJI,ğŸ‡©ğŸ‡¯,82
Northern Mariana Islands,Commonwealth of the Northern Mariana Islands,Oceania,Micronesia,MP,MNP,ğŸ‡²ğŸ‡µ,
United States,United States of America,Americas,North America,US,USA,ğŸ‡ºğŸ‡¸,
Togo,Togolese Republic,Africa,Western Africa,TG,TGO,ğŸ‡¹ğŸ‡¬,76
Sri Lanka,Democratic Socialist Republic of Sri Lanka,Asia,Southern Asia,LK,LKA,ğŸ‡±ğŸ‡°,86
Comoros,Union of the Comoros,Africa,Eastern Africa,KM,COM,ğŸ‡°ğŸ‡²,79
Cuba,Republic of Cuba,Americas,Caribbean,CU,CUB,ğŸ‡¨ğŸ‡º,69
Guam,Guam,Oceania,Micronesia,GU,GUM,ğŸ‡¬ğŸ‡º,
Argentina,Argentine Republic,Americas,South America,AR,ARG,ğŸ‡¦ğŸ‡·,13
Wallis and Futuna,Territory of the Wallis and Futuna Islands,Oceania,Polynesia,WF,WLF,ğŸ‡¼ğŸ‡«,
Bhutan,Kingdom of Bhutan,Asia,Southern Asia,BT,BTN,ğŸ‡§ğŸ‡¹,77
Lebanon,Lebanese Republic,Asia,Western Asia,LB,LBN,ğŸ‡±ğŸ‡§,86
Heard Island and McDonald Islands,Heard Island and McDonald Islands,Antarctic,,HM,HMD,ğŸ‡­ğŸ‡²,
Lesotho,Kingdom of Lesotho,Africa,Southern Africa,LS,LSO,ğŸ‡±ğŸ‡¸,61
Somalia,Federal Republic of Somalia,Africa,Eastern Africa,SO,SOM,ğŸ‡¸ğŸ‡´,94
Dominica,Commonwealth of Dominica,Americas,Caribbean,DM,DMA,ğŸ‡©ğŸ‡²,30
Hungary,Hungary,Europe,Central Europe,HU,HUN,ğŸ‡­ğŸ‡º,5
Luxembourg,Grand Duchy of Luxembourg,Europe,Western Europe,LU,LUX,ğŸ‡±ğŸ‡º,4
San Marino,Republic of San Marino,Europe,Southern Europe,SM,SMR,ğŸ‡¸ğŸ‡²,14
Afghanistan,Islamic Republic of Afghanistan,Asia,Southern Asia,AF,AFG,ğŸ‡¦ğŸ‡«,97
Mauritania,Islamic Republic of Mauritania,Africa,Western Africa,MR,MRT,ğŸ‡²ğŸ‡·,78
Algeria,People's Democratic Republic of Algeria,Africa,Northern Africa,DZ,DZA,ğŸ‡©ğŸ‡¿,75
Guadeloupe,Guadeloupe,Americas,Caribbean,GP,GLP,ğŸ‡¬ğŸ‡µ,
Croatia,Republic of Croatia,Europe,Southeast Europe,HR,HRV,ğŸ‡­ğŸ‡·,5
Bulgaria,Republic of Bulgaria,Europe,Southeast Europe,BG,BGR,ğŸ‡§ğŸ‡¬,6
Niue,Niue,Oceania,Polynesia,NU,NIU,ğŸ‡³ğŸ‡º,
Indonesia,Republic of Indonesia,Asia,South-Eastern Asia,ID,IDN,ğŸ‡®ğŸ‡©,57
Belgium,Kingdom of Belgium,Europe,Western Europe,BE,BEL,ğŸ‡§ğŸ‡ª,4
Nauru,Republic of Nauru,Oceania,Micronesia,NR,NRU,ğŸ‡³ğŸ‡·,57
French Polynesia,French Polynesia,Oceania,Polynesia,PF,PYF,ğŸ‡µğŸ‡«,
Iraq,Republic of Iraq,Asia,Western Asia,IQ,IRQ,ğŸ‡®ğŸ‡¶,95
Madagascar,Republic of Madagascar,Africa,Eastern Africa,MG,MDG,ğŸ‡²ğŸ‡¬,73
Vietnam,Socialist Republic of Vietnam,Asia,South-Eastern Asia,VN,VNM,ğŸ‡»ğŸ‡³,73
Mauritius,Republic of Mauritius,Africa,Eastern Africa,MU,MUS,ğŸ‡²ğŸ‡º,27
American Samoa,American Samoa,Oceania,Polynesia,AS,ASM,ğŸ‡¦ğŸ‡¸,
Ivory Coast,Republic of CÃ´te d'Ivoire,Africa,Western Africa,CI,CIV,ğŸ‡¨ğŸ‡®,
Caribbean Netherlands,"Bonaire, Sint Eustatius and Saba",Americas,Caribbean,BQ,BES,ğŸ‡§ğŸ‡¶,
Liechtenstein,Principality of Liechtenstein,Europe,Western Europe,LI,LIE,ğŸ‡±ğŸ‡®,7
Italy,Italian Republic,Europe,Southern Europe,IT,ITA,ğŸ‡®ğŸ‡¹,4
Saint Kitts and Nevis,Federation of Saint Christopher and Nevis,Americas,Caribbean,KN,KNA,ğŸ‡°ğŸ‡³,20
Qatar,State of Qatar,Asia,Western Asia,QA,QAT,ğŸ‡¶ğŸ‡¦,43
Turkey,Republic of Turkey,Asia,Western Asia,TR,TUR,ğŸ‡¹ğŸ‡·,
United States Virgin Islands,Virgin Islands of the United States,Americas,Caribbean,VI,VIR,ğŸ‡»ğŸ‡®,
Angola,Republic of Angola,Africa,Middle Africa,AO,AGO,ğŸ‡¦ğŸ‡´,79
Kenya,Republic of Kenya,Africa,Eastern Africa,KE,KEN,ğŸ‡°ğŸ‡ª,65
Saudi Arabia,Kingdom of Saudi Arabia,Asia,Western Asia,SA,SAU,ğŸ‡¸ğŸ‡¦,48
South Sudan,Republic of South Sudan,Africa,Middle Africa,SS,SSD,ğŸ‡¸ğŸ‡¸,90
Turks and Caicos Islands,Turks and Caicos Islands,Americas,Caribbean,TC,TCA,ğŸ‡¹ğŸ‡¨,
Canada,Canada,Americas,North America,CA,CAN,ğŸ‡¨ğŸ‡¦,9
Niger,Republic of Niger,Africa,Western Africa,NE,NER,ğŸ‡³ğŸ‡ª,78
Gibraltar,Gibraltar,Europe,Southern Europe,GI,GIB,ğŸ‡¬ğŸ‡®,
Kuwait,State of Kuwait,Asia,Western Asia,KW,KWT,ğŸ‡°ğŸ‡¼,44
Venezuela,Bolivarian Republic of Venezuela,Americas,South America,VE,VEN,ğŸ‡»ğŸ‡ª,38
Gambia,Republic of the Gambia,Africa,Western Africa,GM,GMB,ğŸ‡¬ğŸ‡²,68
Paraguay,Republic of Paraguay,Americas,South America,PY,PRY,ğŸ‡µğŸ‡¾,26
Chile,Republic of Chile,Americas,South America,CL,CHL,ğŸ‡¨ğŸ‡±,14
North Macedonia,Republic of North Macedonia,Europe,Southeast Europe,MK,MKD,ğŸ‡²ğŸ‡°,32
Macau,Macao Special Administrative Region of the People's Republic of China,Asia,Eastern Asia,MO,MAC,ğŸ‡²ğŸ‡´,
Armenia,Republic of Armenia,Asia,Western Asia,AM,ARM,ğŸ‡¦ğŸ‡²,62
Botswana,Republic of Botswana,Africa,Southern Africa,BW,BWA,ğŸ‡§ğŸ‡¼,60
Nepal,Federal Democratic Republic of Nepal,Asia,Southern Asia,NP,NPL,ğŸ‡³ğŸ‡µ,88
SÃ£o TomÃ© and PrÃ­ncipe,Democratic Republic of SÃ£o TomÃ© and PrÃ­ncipe,Africa,Middle Africa,ST,STP,ğŸ‡¸ğŸ‡¹,
Benin,Republic of Benin,Africa,Western Africa,BJ,BEN,ğŸ‡§ğŸ‡¯,72
Solomon Islands,Solomon Islands,Oceania,Melanesia,SB,SLB,ğŸ‡¸ğŸ‡§,29
Guinea,Republic of Guinea,Africa,Western Africa,GN,GIN,ğŸ‡¬ğŸ‡³,79
Mayotte,Department of Mayotte,Africa,Eastern Africa,YT,MYT,ğŸ‡¾ğŸ‡¹,
Greenland,Greenland,Americas,North America,GL,GRL,ğŸ‡¬ğŸ‡±,
Monaco,Principality of Monaco,Europe,Western Europe,MC,MCO,ğŸ‡²ğŸ‡¨,10
Pakistan,Islamic Republic of Pakistan,Asia,Southern Asia,PK,PAK,ğŸ‡µğŸ‡°,94
Malaysia,Malaysia,Asia,South-Eastern Asia,MY,MYS,ğŸ‡²ğŸ‡¾,3
Kosovo,Republic of Kosovo,Europe,Southeast Europe,XK,UNK,ğŸ‡½ğŸ‡°,55
Moldova,Republic of Moldova,Europe,Eastern Europe,MD,MDA,ğŸ‡²ğŸ‡©,39
Tuvalu,Tuvalu,Oceania,Polynesia,TV,TUV,ğŸ‡¹ğŸ‡»,34
Saint Pierre and Miquelon,Saint Pierre and Miquelon,Americas,North America,PM,SPM,ğŸ‡µğŸ‡²,
Senegal,Republic of Senegal,Africa,Western Africa,SN,SEN,ğŸ‡¸ğŸ‡³,75
Panama,Republic of Panama,Americas,Central America,PA,PAN,ğŸ‡µğŸ‡¦,28
Malta,Republic of Malta,Europe,Southern Europe,MT,MLT,ğŸ‡²ğŸ‡¹,5
Uganda,Republic of Uganda,Africa,Eastern Africa,UG,UGA,ğŸ‡ºğŸ‡¬,69
Albania,Republic of Albania,Europe,Southeast Europe,AL,ALB,ğŸ‡¦ğŸ‡±,40
United Arab Emirates,United Arab Emirates,Asia,Western Asia,AE,ARE,ğŸ‡¦ğŸ‡ª,1
Costa Rica,Republic of Costa Rica,Americas,Central America,CR,CRI,ğŸ‡¨ğŸ‡·,25
Saint BarthÃ©lemy,Collectivity of Saint BarthÃ©lemy,Americas,Caribbean,BL,BLM,ğŸ‡§ğŸ‡±,
"Saint Helena, Ascension and Tristan da Cunha","Saint Helena, Ascension and Tristan da Cunha",Africa,Western Africa,SH,SHN,ğŸ‡¸ğŸ‡­,
Israel,State of Israel,Asia,Western Asia,IL,ISR,ğŸ‡®ğŸ‡±,17
Austria,Republic of Austria,Europe,Central Europe,AT,AUT,ğŸ‡¦ğŸ‡¹,4
Laos,Lao People's Democratic Republic,Asia,South-Eastern Asia,LA,LAO,ğŸ‡±ğŸ‡¦,80
France,French Republic,Europe,Western Europe,FR,FRA,ğŸ‡«ğŸ‡·,4
Papua New Guinea,Independent State of Papua New Guinea,Oceania,Melanesia,PG,PNG,ğŸ‡µğŸ‡¬,58
Dominican Republic,Dominican Republic,Americas,Caribbean,DO,DOM,ğŸ‡©ğŸ‡´,60
Tonga,Kingdom of Tonga,Oceania,Polynesia,TO,TON,ğŸ‡¹ğŸ‡´,36
Jamaica,Jamaica,Americas,Caribbean,JM,JAM,ğŸ‡¯ğŸ‡²,49
Bouvet Island,Bouvet Island,Antarctic,,BV,BVT,ğŸ‡§ğŸ‡»,
Slovakia,Slovak Republic,Europe,Central Europe,SK,SVK,ğŸ‡¸ğŸ‡°,5
Kiribati,Independent and Sovereign Republic of Kiribati,Oceania,Micronesia,KI,KIR,ğŸ‡°ğŸ‡®,34
Jordan,Hashemite Kingdom of Jordan,Asia,Western Asia,JO,JOR,ğŸ‡¯ğŸ‡´,78
Maldives,Republic of the Maldives,Asia,Southern Asia,MV,MDV,ğŸ‡²ğŸ‡»,46
Montenegro,Montenegro,Europe,Southeast Europe,ME,MNE,ğŸ‡²ğŸ‡ª,33
Japan,Japan,Asia,Eastern Asia,JP,JPN,ğŸ‡¯ğŸ‡µ,4
El Salvador,Republic of El Salvador,Americas,Central America,SV,SLV,ğŸ‡¸ğŸ‡»,33
Colombia,Republic of Colombia,Americas,South America,CO,COL,ğŸ‡¨ğŸ‡´,31
Zimbabwe,Republic of Zimbabwe,Africa,Southern Africa,ZW,ZWE,ğŸ‡¿ğŸ‡¼,71
Equatorial Guinea,Republic of Equatorial Guinea,Africa,Middle Africa,GQ,GNQ,ğŸ‡¬ğŸ‡¶,75
China,People's Republic of China,Asia,Eastern Asia,CN,CHN,ğŸ‡¨ğŸ‡³,54
Honduras,Republic of Honduras,Americas,Central America,HN,HND,ğŸ‡­ğŸ‡³,34
Isle of Man,Isle of Man,Europe,Northern Europe,IM,IMN,ğŸ‡®ğŸ‡²,
Republic of the Congo,Republic of the Congo,Africa,Middle Africa,CG,COG,ğŸ‡¨ğŸ‡¬,
Myanmar,Republic of the Union of Myanmar,Asia,South-Eastern Asia,MM,MMR,ğŸ‡²ğŸ‡²,85
Greece,Hellenic Republic,Europe,Southern Europe,GR,GRC,ğŸ‡¬ğŸ‡·,4
Samoa,Independent State of Samoa,Oceania,Polynesia,WS,WSM,ğŸ‡¼ğŸ‡¸,33
Falkland Islands,Falkland Islands,Americas,South America,FK,FLK,ğŸ‡«ğŸ‡°,
Tanzania,United Republic of Tanzania,Africa,Eastern Africa,TZ,TZA,ğŸ‡¹ğŸ‡¿,66
Central African Republic,Central African Republic,Africa,Middle Africa,CF,CAF,ğŸ‡¨ğŸ‡«,82
Romania,Romania,Europe,Southeast Europe,RO,ROU,ğŸ‡·ğŸ‡´,6
United States Minor Outlying Islands,United States Minor Outlying Islands,Americas,North America,UM,UMI,ğŸ‡ºğŸ‡²,
Tajikistan,Republic of Tajikistan,Asia,Central Asia,TJ,TJK,ğŸ‡¹ğŸ‡¯,73
Bahamas,Commonwealth of the Bahamas,Americas,Caribbean,BS,BHS,ğŸ‡§ğŸ‡¸,16
Nigeria,Federal Republic of Nigeria,Africa,Western Africa,NG,NGA,ğŸ‡³ğŸ‡¬,88
Vatican City,Vatican City State,Europe,Southern Europe,VA,VAT,ğŸ‡»ğŸ‡¦,19
Bahrain,Kingdom of Bahrain,Asia,Western Asia,BH,BHR,ğŸ‡§ğŸ‡­,48
Thailand,Kingdom of Thailand,Asia,South-Eastern Asia,TH,THA,ğŸ‡¹ğŸ‡­,53
Sweden,Kingdom of Sweden,Europe,Northern Europe,SE,SWE,ğŸ‡¸ğŸ‡ª,4
British Virgin Islands,Virgin Islands,Americas,Caribbean,VG,VGB,ğŸ‡»ğŸ‡¬,
Guernsey,Bailiwick of Guernsey,Europe,Northern Europe,GG,GGY,ğŸ‡¬ğŸ‡¬,
Guatemala,Republic of Guatemala,Americas,Central America,GT,GTM,ğŸ‡¬ğŸ‡¹,33
Syria,Syrian Arab Republic,Asia,Western Asia,SY,SYR,ğŸ‡¸ğŸ‡¾,96
Turkmenistan,Turkmenistan,Asia,Central Asia,TM,TKM,ğŸ‡¹ğŸ‡²,80
